-- phpMyAdmin SQL Dump
-- version 5.1.1
-- https://www.phpmyadmin.net/
--
-- Servidor: 127.0.0.1
-- Tiempo de generación: 14-12-2023 a las 19:19:34
-- Versión del servidor: 10.4.21-MariaDB
-- Versión de PHP: 8.0.11

SET SQL_MODE = "NO_AUTO_VALUE_ON_ZERO";
START TRANSACTION;
SET time_zone = "+00:00";


/*!40101 SET @OLD_CHARACTER_SET_CLIENT=@@CHARACTER_SET_CLIENT */;
/*!40101 SET @OLD_CHARACTER_SET_RESULTS=@@CHARACTER_SET_RESULTS */;
/*!40101 SET @OLD_COLLATION_CONNECTION=@@COLLATION_CONNECTION */;
/*!40101 SET NAMES utf8mb4 */;

--
-- Base de datos: `proyecto`
--

-- --------------------------------------------------------

--
-- Estructura de tabla para la tabla `categories`
--

CREATE TABLE `categories` (
  `id` int(11) NOT NULL,
  `name` varchar(30) DEFAULT NULL
) ENGINE=InnoDB DEFAULT CHARSET=latin1;

--
-- Volcado de datos para la tabla `categories`
--

INSERT INTO `categories` (`id`, `name`) VALUES
(4, 'Basura'),
(5, 'Cables'),
(2, 'Calles'),
(1, 'Desagues'),
(3, 'Veredas');

-- --------------------------------------------------------

--
-- Estructura de tabla para la tabla `complaints`
--

CREATE TABLE `complaints` (
  `id` int(11) NOT NULL,
  `title` varchar(255) DEFAULT NULL,
  `creation_date` datetime DEFAULT NULL,
  `closure_date` datetime DEFAULT NULL,
  `description` varchar(255) DEFAULT NULL,
  `coordinates` longtext CHARACTER SET utf8mb4 COLLATE utf8mb4_bin DEFAULT NULL CHECK (json_valid(`coordinates`)),
  `state` varchar(30) DEFAULT NULL,
  `category_id` int(11) DEFAULT NULL,
  `assigned_user_id` int(11) DEFAULT NULL,
  `author_first_name` varchar(30) DEFAULT NULL,
  `author_last_name` varchar(30) DEFAULT NULL,
  `author_telephone` varchar(30) DEFAULT NULL,
  `author_email` varchar(100) DEFAULT NULL
) ENGINE=InnoDB DEFAULT CHARSET=latin1;

--
-- Volcado de datos para la tabla `complaints`
--

INSERT INTO `complaints` (`id`, `title`, `creation_date`, `closure_date`, `description`, `coordinates`, `state`, `category_id`, `assigned_user_id`, `author_first_name`, `author_last_name`, `author_telephone`, `author_email`) VALUES
(1, 'Cables peligrosos', '2021-11-11 17:10:23', '2021-11-12 14:11:33', 'Descripción denuncia', '[{\"lat\": -34.90177908280255, \"lng\": -57.933368805097416}, {\"lat\": -34.90346914672711, \"lng\": -57.933883789228275}, {\"lat\": -34.90530001006254, \"lng\": -57.9345704347361}, {\"lat\": -34.90656750692069, \"lng\": -57.935772064374774}, {\"lat\": -34.90783498421369, \"lng\": -57.93663037125954}, {\"lat\": -34.908820786359335, \"lng\": -57.93766033952126}, {\"lat\": -34.90994740288978, \"lng\": -57.938518646406024}, {\"lat\": -34.911496475376545, \"lng\": -57.93954861466774}, {\"lat\": -34.911842545086934, \"lng\": -57.940692901611335}, {\"lat\": -34.91233542357999, \"lng\": -57.941207885742195}, {\"lat\": -34.9130395305797, \"lng\": -57.94180870056153}, {\"lat\": -34.91367322171601, \"lng\": -57.94249534606934}, {\"lat\": -34.91444772646174, \"lng\": -57.94326782226563}, {\"lat\": -34.91571508210138, \"lng\": -57.9441261291504}, {\"lat\": -34.916348752583446, \"lng\": -57.94455528259277}, {\"lat\": -34.917052825159445, \"lng\": -57.94489860534668}, {\"lat\": -34.91817932871893, \"lng\": -57.94481277465821}, {\"lat\": -34.919094601476566, \"lng\": -57.94481277465821}, {\"lat\": -34.920150672744505, \"lng\": -57.94472694396973}, {\"lat\": -34.92120673042317, \"lng\": -57.944469451904304}, {\"lat\": -34.92212196941902, \"lng\": -57.944040298461914}, {\"lat\": -34.923107599999234, \"lng\": -57.94361114501954}, {\"lat\": -34.923952416788616, \"lng\": -57.94326782226563}, {\"lat\": -34.92529002558404, \"lng\": -57.942924499511726}, {\"lat\": -34.926557213803136, \"lng\": -57.94240951538087}, {\"lat\": -34.92768358690194, \"lng\": -57.94206619262696}, {\"lat\": -34.928035575324174, \"lng\": -57.94206619262696}, {\"lat\": -34.92895073815489, \"lng\": -57.94258117675782}, {\"lat\": -34.92993628671012, \"lng\": -57.942924499511726}, {\"lat\": -34.93148498194821, \"lng\": -57.94283866882325}, {\"lat\": -34.932188924664295, \"lng\": -57.942924499511726}, {\"lat\": -34.93289286133977, \"lng\": -57.942924499511726}, {\"lat\": -34.933315220445564, \"lng\": -57.942667007446296}, {\"lat\": -34.933456006330886, \"lng\": -57.94180870056153}, {\"lat\": -34.933737577376675, \"lng\": -57.94112205505372}, {\"lat\": -34.933807969987114, \"lng\": -57.94052124023438}, {\"lat\": -34.93296325467508, \"lng\": -57.940177917480476}, {\"lat\": -34.93183695406132, \"lng\": -57.94000625610352}, {\"lat\": -34.93064024271538, \"lng\": -57.939920425415046}, {\"lat\": -34.929443513912396, \"lng\": -57.93957710266114}, {\"lat\": -34.92838756223637, \"lng\": -57.939491271972656}, {\"lat\": -34.927190800573854, \"lng\": -57.93957710266114}, {\"lat\": -34.92381161459439, \"lng\": -57.93940544128419}, {\"lat\": -34.922966796355425, \"lng\": -57.93974876403809}, {\"lat\": -34.921910761325954, \"lng\": -57.94026374816895}, {\"lat\": -34.92099551997459, \"lng\": -57.94077873229981}, {\"lat\": -34.92008026841608, \"lng\": -57.941207885742195}, {\"lat\": -34.919305816817285, \"lng\": -57.941207885742195}, {\"lat\": -34.91824973467806, \"lng\": -57.94103622436524}, {\"lat\": -34.917404859182625, \"lng\": -57.94026374816895}, {\"lat\": -34.917052825159445, \"lng\": -57.9393196105957}, {\"lat\": -34.916348752583446, \"lng\": -57.93854713439942}, {\"lat\": -34.916348752583446, \"lng\": -57.93803215026856}, {\"lat\": -34.91663038233857, \"lng\": -57.93760299682618}, {\"lat\": -34.91775689169598, \"lng\": -57.93674468994141}, {\"lat\": -34.91853135791056, \"lng\": -57.93631553649903}, {\"lat\": -34.918953790947455, \"lng\": -57.9360580444336}, {\"lat\": -34.919587436426035, \"lng\": -57.93580055236817}, {\"lat\": -34.919587436426035, \"lng\": -57.934942245483406}, {\"lat\": -34.91832014057678, \"lng\": -57.93477058410645}, {\"lat\": -34.91726404575454, \"lng\": -57.93485641479493}, {\"lat\": -34.91641916011283, \"lng\": -57.935199737548835}, {\"lat\": -34.91571508210138, \"lng\": -57.935714721679695}, {\"lat\": -34.91536304083093, \"lng\": -57.93631553649903}, {\"lat\": -34.91487018051578, \"lng\": -57.93674468994141}, {\"lat\": -34.9130395305797, \"lng\": -57.93674468994141}, {\"lat\": -34.91247624546305, \"lng\": -57.93683052062989}, {\"lat\": -34.91127925175715, \"lng\": -57.93665885925294}, {\"lat\": -34.91036389185305, \"lng\": -57.93631553649903}, {\"lat\": -34.909730175171674, \"lng\": -57.9360580444336}, {\"lat\": -34.90909645359885, \"lng\": -57.93554306030274}, {\"lat\": -34.908321898367106, \"lng\": -57.9345989227295}, {\"lat\": -34.907758580881826, \"lng\": -57.93374061584473}, {\"lat\": -34.90719525953179, \"lng\": -57.932968139648445}, {\"lat\": -34.906350270260305, \"lng\": -57.93253898620606}, {\"lat\": -34.90578693924843, \"lng\": -57.932195663452156}, {\"lat\": -34.90529402144279, \"lng\": -57.931938171386726}, {\"lat\": -34.9042377590386, \"lng\": -57.93142318725587}, {\"lat\": -34.90374483193367, \"lng\": -57.930994033813484}, {\"lat\": -34.90304064522261, \"lng\": -57.930479049682624}, {\"lat\": -34.90247729150613, \"lng\": -57.92979240417481}, {\"lat\": -34.902336452473165, \"lng\": -57.928934097290046}, {\"lat\": -34.90275896884744, \"lng\": -57.92807579040528}, {\"lat\": -34.903463157973846, \"lng\": -57.92738914489747}, {\"lat\": -34.904096923024824, \"lng\": -57.926702499389656}, {\"lat\": -34.90501235279681, \"lng\": -57.92532920837403}, {\"lat\": -34.90578693924843, \"lng\": -57.92404174804688}, {\"lat\": -34.9064911024094, \"lng\": -57.92318344116212}, {\"lat\": -34.90663193431698, \"lng\": -57.92275428771973}, {\"lat\": -34.90670235018016, \"lng\": -57.92189598083497}, {\"lat\": -34.90719525953179, \"lng\": -57.9210376739502}, {\"lat\": -34.908040240107574, \"lng\": -57.91966438293458}, {\"lat\": -34.91102693747049, \"lng\": -57.92449235916138}, {\"lat\": -34.908744383944764, \"lng\": -57.918977737426765}, {\"lat\": -34.909307694666616, \"lng\": -57.91820526123047}, {\"lat\": -34.90980058837783, \"lng\": -57.91777610778809}, {\"lat\": -34.91029347913001, \"lng\": -57.91657447814942}, {\"lat\": -34.911068015762034, \"lng\": -57.915716171264656}, {\"lat\": -34.91177213363206, \"lng\": -57.91460037231446}, {\"lat\": -34.91247624546305, \"lng\": -57.913742065429695}, {\"lat\": -34.91409567975592, \"lng\": -57.91288375854493}, {\"lat\": -34.91487018051578, \"lng\": -57.91262626647949}, {\"lat\": -34.915151815343904, \"lng\": -57.91193962097169}, {\"lat\": -34.91592630613896, \"lng\": -57.91108131408692}, {\"lat\": -34.91663038233857, \"lng\": -57.91065216064454}, {\"lat\": -34.917123232084855, \"lng\": -57.90987968444825}, {\"lat\": -34.91754567236916, \"lng\": -57.90884971618653}, {\"lat\": -34.91824973467806, \"lng\": -57.908506393432624}, {\"lat\": -34.919235411764134, \"lng\": -57.90833473205567}, {\"lat\": -34.91993945957805, \"lng\": -57.90893554687501}, {\"lat\": -34.920432289454226, \"lng\": -57.909965515136726}, {\"lat\": -34.92106592351787, \"lng\": -57.91082382202149}, {\"lat\": -34.92113632700073, \"lng\": -57.911510467529304}, {\"lat\": -34.92212196941902, \"lng\": -57.91417121887208}, {\"lat\": -34.92275559043671, \"lng\": -57.91537284851075}, {\"lat\": -34.923037198207545, \"lng\": -57.91631698608399}, {\"lat\": -34.92338920656208, \"lng\": -57.91717529296876}, {\"lat\": -34.92345960805181, \"lng\": -57.917518615722656}, {\"lat\": -34.92388201572168, \"lng\": -57.918119430542}, {\"lat\": -34.924445222565836, \"lng\": -57.91889190673829}, {\"lat\": -34.92493802538348, \"lng\": -57.919750213623054}, {\"lat\": -34.9255012249796, \"lng\": -57.92026519775391}, {\"lat\": -34.92620521903865, \"lng\": -57.9210376739502}, {\"lat\": -34.926557213803136, \"lng\": -57.921466827392585}, {\"lat\": -34.92796517776052, \"lng\": -57.92112350463868}, {\"lat\": -34.9285283565784, \"lng\": -57.921981811523445}, {\"lat\": -34.92916192812766, \"lng\": -57.92232513427735}, {\"lat\": -34.92986589077741, \"lng\": -57.92318344116212}, {\"lat\": -34.93078103319155, \"lng\": -57.92387008666993}, {\"lat\": -34.93162577097466, \"lng\": -57.92481422424317}, {\"lat\": -34.93232971248263, \"lng\": -57.925243377685554}, {\"lat\": -34.93296325467508, \"lng\": -57.92593002319337}, {\"lat\": -34.933526399182945, \"lng\": -57.926445007324226}, {\"lat\": -34.934159932133156, \"lng\": -57.92730331420899}, {\"lat\": -34.935004635122056, \"lng\": -57.92841911315919}, {\"lat\": -34.93556776561533, \"lng\": -57.92876243591309}, {\"lat\": -34.93627167329513, \"lng\": -57.929019927978516}, {\"lat\": -34.93669401500337, \"lng\": -57.92927742004395}, {\"lat\": -34.937327523488094, \"lng\": -57.92962074279786}, {\"lat\": -34.937257133898086, \"lng\": -57.92919158935547}, {\"lat\": -34.93683479508952, \"lng\": -57.92876243591309}, {\"lat\": -34.936482844421086, \"lng\": -57.92790412902833}, {\"lat\": -34.93613089224246, \"lng\": -57.92687416076661}, {\"lat\": -34.93535659213339, \"lng\": -57.92593002319337}, {\"lat\": -34.93465267660047, \"lng\": -57.9250717163086}, {\"lat\": -34.93387836253714, \"lng\": -57.924470901489265}, {\"lat\": -34.93317443431857, \"lng\": -57.92387008666993}, {\"lat\": -34.93232971248263, \"lng\": -57.92292594909668}, {\"lat\": -34.9316961653973, \"lng\": -57.922239303588874}, {\"lat\": -34.93120340317042, \"lng\": -57.921724319458015}, {\"lat\": -34.930569847386664, \"lng\": -57.92112350463868}, {\"lat\": -34.92979549478424, \"lng\": -57.92052268981934}, {\"lat\": -34.9290211348729, \"lng\": -57.91966438293458}, {\"lat\": -34.92831716497472, \"lng\": -57.918720245361335}, {\"lat\": -34.927770071697175, \"lng\": -57.917834964464426}, {\"lat\": -34.92692529421318, \"lng\": -57.917577472398996}, {\"lat\": -34.92629170539218, \"lng\": -57.917319980333566}, {\"lat\": -34.92558771207516, \"lng\": -57.91611835069489}, {\"lat\": -34.92544691268694, \"lng\": -57.915345874498605}, {\"lat\": -34.925024513072685, \"lng\": -57.91423007554841}, {\"lat\": -34.92474291212182, \"lng\": -57.9135434300406}, {\"lat\": -34.92417970732089, \"lng\": -57.91277095384431}, {\"lat\": -34.923546097299244, \"lng\": -57.911826816271066}, {\"lat\": -34.92319408961771, \"lng\": -57.91105434007478}, {\"lat\": -34.92298288428396, \"lng\": -57.910196033190005}, {\"lat\": -34.922630874186474, \"lng\": -57.909080234239816}, {\"lat\": -34.92241966740318, \"lng\": -57.908136096666574}, {\"lat\": -34.92234926502128, \"lng\": -57.90727778978181}, {\"lat\": -34.92192684946152, \"lng\": -57.90624782152009}, {\"lat\": -34.92150443172746, \"lng\": -57.90564700670075}, {\"lat\": -34.921011608289625, \"lng\": -57.90521785325837}, {\"lat\": -34.92108201181906, \"lng\": -57.904960361192934}, {\"lat\": -34.92094120469976, \"lng\": -57.90418788499665}, {\"lat\": -34.92319408961771, \"lng\": -57.90178462571931}, {\"lat\": -34.92389810347083, \"lng\": -57.90118381089997}, {\"lat\": -34.92481331245014, \"lng\": -57.90075465745759}, {\"lat\": -34.92523571315161, \"lng\": -57.90058299608064}, {\"lat\": -34.92601010879018, \"lng\": -57.89981051988435}, {\"lat\": -34.92650290220948, \"lng\": -57.89895221299958}, {\"lat\": -34.927277285888565, \"lng\": -57.8970639378531}, {\"lat\": -34.92769967390572, \"lng\": -57.89517566270661}, {\"lat\": -34.92741808213587, \"lng\": -57.893888202379465}, {\"lat\": -34.92664369978565, \"lng\": -57.89268657274079}, {\"lat\": -34.92572851122178, \"lng\": -57.89182826585603}, {\"lat\": -34.92616108638542, \"lng\": -57.89095317944885}, {\"lat\": -34.92524589243857, \"lng\": -57.8896657191217}, {\"lat\": -34.92404908495206, \"lng\": -57.88846408948303}, {\"lat\": -34.92285226001005, \"lng\": -57.887090798467405}, {\"lat\": -34.9215850145752, \"lng\": -57.88571750745178}, {\"lat\": -34.92031774957147, \"lng\": -57.884086724370725}, {\"lat\": -34.91876884354785, \"lng\": -57.883056756109006}, {\"lat\": -34.91799437957418, \"lng\": -57.8827134333551}, {\"lat\": -34.916304614629425, \"lng\": -57.884859200567014}, {\"lat\": -34.91644542970348, \"lng\": -57.88640415295959}, {\"lat\": -34.917853567157444, \"lng\": -57.88717662915589}, {\"lat\": -34.918698438034035, \"lng\": -57.88794910535217}, {\"lat\": -34.91940249045431, \"lng\": -57.88854992017151}, {\"lat\": -34.920106536835, \"lng\": -57.89026653394104}, {\"lat\": -34.92074017341369, \"lng\": -57.89206897839905}, {\"lat\": -34.92109219162127, \"lng\": -57.892755623906865}, {\"lat\": -34.92144420831893, \"lng\": -57.89344226941468}, {\"lat\": -34.921514611477285, \"lng\": -57.89361393079163}, {\"lat\": -34.921514611477285, \"lng\": -57.894815560430295}, {\"lat\": -34.92045855776047, \"lng\": -57.89730465039612}, {\"lat\": -34.91996572804202, \"lng\": -57.89764797315003}, {\"lat\": -34.919332085484086, \"lng\": -57.897991295903935}, {\"lat\": -34.91848722113023, \"lng\": -57.89713298901917}, {\"lat\": -34.917923973396015, \"lng\": -57.89653217419983}, {\"lat\": -34.91736072179652, \"lng\": -57.89824878796936}, {\"lat\": -34.91672705912689, \"lng\": -57.8988496027887}, {\"lat\": -34.915741351917404, \"lng\": -57.89833461865784}, {\"lat\": -34.91496685937727, \"lng\": -57.897562142461545}, {\"lat\": -34.91398113103017, \"lng\": -57.896103020757444}, {\"lat\": -34.91334744227078, \"lng\": -57.89575969800354}, {\"lat\": -34.91200963882571, \"lng\": -57.898077126592405}, {\"lat\": -34.89947547409138, \"lng\": -57.9197064600885}, {\"lat\": -34.8969402418856, \"lng\": -57.92434131726624}, {\"lat\": -34.894616210289, \"lng\": -57.928804513067014}, {\"lat\": -34.89517961792595, \"lng\": -57.93034946545959}, {\"lat\": -34.89609514709447, \"lng\": -57.93129360303284}, {\"lat\": -34.89708109017214, \"lng\": -57.93240940198303}, {\"lat\": -34.897926174819645, \"lng\": -57.93318187817932}, {\"lat\": -34.899545896091155, \"lng\": -57.93515598401429}, {\"lat\": -34.900038848399085, \"lng\": -57.935756798833616}]', 'Resuelta', 5, 2, 'Pancho', 'Fernandes', '2966 654785', 'Pancho122@gmail.com'),
(2, 'Basura por todas partes', '2021-11-12 17:03:34', '2021-11-18 11:17:38', 'descripcion genial', '[{\"lat\": -34.91919116221203, \"lng\": -57.95401736005502}, {\"lat\": -34.9278823538, \"lng\": -57.95916366681924}, {\"lat\": -34.92957122347638, \"lng\": -57.94010925397744}]', 'Cerrada', 4, 1, 'Fernando', 'Fernandez', '2965 593434', 'Fernando2000@gmail.com'),
(3, 'Desagues tapados', '2021-11-12 17:09:23', '2021-11-18 10:49:06', 'descripción inteligente y educada', '[{\"lat\": -34.92084502261776, \"lng\": -57.95590210065711}, {\"lat\": -34.9278823538, \"lng\": -57.95916366681924}, {\"lat\": -34.92957122347638, \"lng\": -57.94010925397744}]', 'Sin confirmar', 1, NULL, 'Fulano', 'Mengano', '1111 233242', 'Mengano@gmail.com'),
(4, 'dasdasdas', '2021-11-18 10:43:37', NULL, 'asdasdasd', '[{\"lat\": -34.91591853170241, \"lng\": -57.95511211366526}, {\"lat\": -34.9278823538, \"lng\": -57.95916366681924}, {\"lat\": -34.92957122347638, \"lng\": -57.94010925397744}]', 'En curso', 2, 2, 'Kiki', 'sadas', '2132123123', 'Fernando122@gmail.com'),
(13, 'Una denuncia para mostrar', '2021-11-19 05:21:56', NULL, 'Una denuncia', '[{\"lat\": -34.91591853170241, \"lng\": -57.95511211366526}, {\"lat\": -34.9278823538, \"lng\": -57.95916366681924}, {\"lat\": -34.92957122347638, \"lng\": -57.94010925397744}]', 'Sin confirmar', 2, NULL, 'Franco', 'Marzano', '2215601941', 'fpmarzano@gmail.com');

-- --------------------------------------------------------

--
-- Estructura de tabla para la tabla `config`
--

CREATE TABLE `config` (
  `id` int(11) NOT NULL,
  `elements_per_page` int(11) DEFAULT NULL,
  `sort_users` varchar(30) DEFAULT NULL,
  `sort_meeting_points` varchar(30) DEFAULT NULL,
  `sort_flood_zones` varchar(30) DEFAULT NULL,
  `sort_evacuation_routes` varchar(30) DEFAULT NULL,
  `sort_complaints` varchar(30) DEFAULT NULL,
  `sort_palettes` varchar(30) DEFAULT NULL,
  `palette_private_id` int(11) DEFAULT NULL,
  `palette_public_id` int(11) DEFAULT NULL
) ENGINE=InnoDB DEFAULT CHARSET=latin1;

--
-- Volcado de datos para la tabla `config`
--

INSERT INTO `config` (`id`, `elements_per_page`, `sort_users`, `sort_meeting_points`, `sort_flood_zones`, `sort_evacuation_routes`, `sort_complaints`, `sort_palettes`, `palette_private_id`, `palette_public_id`) VALUES
(1, 4, 'username', 'name', 'name', 'name', 'title', 'name', 3, 1);

-- --------------------------------------------------------

--
-- Estructura de tabla para la tabla `evacuation_routes`
--

CREATE TABLE `evacuation_routes` (
  `id` int(11) NOT NULL,
  `name` varchar(30) NOT NULL,
  `description` varchar(255) DEFAULT NULL,
  `coordinates` longtext CHARACTER SET utf8mb4 COLLATE utf8mb4_bin DEFAULT NULL CHECK (json_valid(`coordinates`)),
  `state` tinyint(1) DEFAULT NULL
) ENGINE=InnoDB DEFAULT CHARSET=latin1;

--
-- Volcado de datos para la tabla `evacuation_routes`
--

INSERT INTO `evacuation_routes` (`id`, `name`, `description`, `coordinates`, `state`) VALUES
(1, 'Ruta de evacuación ejemplo', 'Descripción de ejemplo', '[{\"lat\": -34.94540230503987, \"lng\": -58.00212483387441}, {\"lat\": -34.946778957286625, \"lng\": -58.002499143476605},{\"lat\": -34.89736583110351, \"lng\": -57.98581483948511}]', 1),
(2, 'Ruta de evacuacion 2', 'Segunda descripción de ejemplo', '[{\"lat\": -34.95989458919514, \"lng\": -58.01133322439932}, {\"lat\": -34.955392524634654, \"lng\": -58.010538857326246}, {\"lat\": -34.95775772788544, \"lng\": -58.00104002177251}]', 1),
(3, 'rutas de evacuacion 243', 'asdasdasda', '[{\"lat\": -34.91155482138165, \"lng\": -57.94789944950809}, {\"lat\": -34.92168953422568, \"lng\": -57.97314246833969}, {\"lat\": -34.93534126588753, \"lng\": -57.96009132442732}, {\"lat\": -34.92957122347638, \"lng\": -57.94010925397744}]', 1);

-- --------------------------------------------------------

--
-- Estructura de tabla para la tabla `flood_zones`
--

CREATE TABLE `flood_zones` (
  `id` int(11) NOT NULL,
  `code` varchar(30) NOT NULL,
  `name` varchar(30) NOT NULL,
  `coordinates` longtext CHARACTER SET utf8mb4 COLLATE utf8mb4_bin NOT NULL CHECK (json_valid(`coordinates`)),
  `state` tinyint(1) NOT NULL,
  `color` varchar(7) NOT NULL
) ENGINE=InnoDB DEFAULT CHARSET=latin1;

--
-- Volcado de datos para la tabla `flood_zones`
--

INSERT INTO `flood_zones` (`id`, `code`, `name`, `coordinates`, `state`, `color`) VALUES
(1, 'fko5q', 'La Plata 1', '[{\"lat\": -34.89914184624319, \"lng\": -57.98700392246247}, {\"lat\": -34.90167701049367, \"lng\": -57.98477232456208}, {\"lat\": -34.90336707651879, \"lng\": -57.9832273721695}, {\"lat\": -34.90562044378165, \"lng\": -57.98271238803864}, {\"lat\": -34.908155408040415, \"lng\": -57.98202574253083}, {\"lat\": -34.91012699280126, \"lng\": -57.98219740390778}, {\"lat\": -34.9125209963608, \"lng\": -57.982369065284736}, {\"lat\": -34.91407002028689, \"lng\": -57.98271238803864}, {\"lat\": -34.91561901498324, \"lng\": -57.982884049415595}, {\"lat\": -34.918294482428294, \"lng\": -57.98254072666169}, {\"lat\": -34.92026582368797, \"lng\": -57.9832273721695}, {\"lat\": -34.92181470145953, \"lng\": -57.98357069492341}, {\"lat\": -34.923222746793726, \"lng\": -57.983914017677314}, {\"lat\": -34.92491236930402, \"lng\": -57.98528730869294}, {\"lat\": -34.92505316960949, \"lng\": -57.987175583839424}, {\"lat\": -34.92617956335543, \"lng\": -57.98957884311676}, {\"lat\": -34.92766396430963, \"lng\": -57.99216847401113}, {\"lat\": -34.92850873418815, \"lng\": -57.9933701036498}, {\"lat\": -34.92977587269706, \"lng\": -57.99474339466543}, {\"lat\": -34.93287323999343, \"lng\": -57.99663166981191}, {\"lat\": -34.93554814490881, \"lng\": -57.99817662220449}, {\"lat\": -34.937800628758914, \"lng\": -57.99869160633534}, {\"lat\": -34.94117923854553, \"lng\": -58.00092320423574}, {\"lat\": -34.94315002997532, \"lng\": -58.00160984974355}, {\"lat\": -34.94540230503987, \"lng\": -58.00212483387441}, {\"lat\": -34.946778957286625, \"lng\": -58.002499143476605}, {\"lat\": -34.94832733450791, \"lng\": -58.002499143476605}, {\"lat\": -34.94973492478787, \"lng\": -58.002499143476605}, {\"lat\": -34.95163513332947, \"lng\": -58.00267080485356}, {\"lat\": -34.95339454640909, \"lng\": -58.002499143476605}, {\"lat\": -34.954661300443014, \"lng\": -58.002241651411175}, {\"lat\": -34.955224295951844, \"lng\": -58.0021558207227}, {\"lat\": -34.957124377243694, \"lng\": -58.00292829691899}, {\"lat\": -34.95789847180784, \"lng\": -58.003185788984425}, {\"lat\": -34.9584614450803, \"lng\": -58.00267080485356}, {\"lat\": -34.9584614450803, \"lng\": -58.001726667280316}, {\"lat\": -34.95775772788544, \"lng\": -58.00104002177251}, {\"lat\": -34.95543541827065, \"lng\": -57.999666730756886}, {\"lat\": -34.953042666814284, \"lng\": -57.99898008524907}, {\"lat\": -34.95128324618192, \"lng\": -57.998722593183636}, {\"lat\": -34.94952378778653, \"lng\": -57.99829343974126}, {\"lat\": -34.947482768739555, \"lng\": -57.997950116987354}, {\"lat\": -34.94431556962304, \"lng\": -57.99743513285649}, {\"lat\": -34.942626346736596, \"lng\": -57.99683431803715}, {\"lat\": -34.941148248165234, \"lng\": -57.996233503217816}, {\"lat\": -34.94058515598726, \"lng\": -57.99554685771}, {\"lat\": -34.94058515598726, \"lng\": -57.99460272013677}, {\"lat\": -34.9412890206056, \"lng\": -57.99357275187505}, {\"lat\": -34.942415191429006, \"lng\": -57.99297193705571}, {\"lat\": -34.94354134678639, \"lng\": -57.99254278361333}, {\"lat\": -34.9446674866776, \"lng\": -57.99237112223637}, {\"lat\": -34.94762353030511, \"lng\": -57.992027799482464}, {\"lat\": -34.94889037352001, \"lng\": -57.991770307417035}, {\"lat\": -34.95015719715913, \"lng\": -57.99168447672856}, {\"lat\": -34.951494378651695, \"lng\": -57.99168447672856}, {\"lat\": -34.95318341883347, \"lng\": -57.992285291547894}, {\"lat\": -34.954309426286216, \"lng\": -57.99254278361333}, {\"lat\": -34.95550579225609, \"lng\": -57.99305776774419}, {\"lat\": -34.956826800915714, \"lng\": -57.993744413252}, {\"lat\": -34.95802313014052, \"lng\": -57.99408773600591}, {\"lat\": -34.95921944190218, \"lng\": -57.99425939738286}, {\"lat\": -34.96055647555802, \"lng\": -57.99468855082524}, {\"lat\": -34.96147127549041, \"lng\": -57.99425939738286}, {\"lat\": -34.96280827240582, \"lng\": -57.994431058759815}, {\"lat\": -34.96428598045819, \"lng\": -57.99511770426763}, {\"lat\": -34.96567721283819, \"lng\": -57.99597601115239}, {\"lat\": -34.966521591136406, \"lng\": -57.99580434977544}, {\"lat\": -34.96645122661059, \"lng\": -57.994516889448285}, {\"lat\": -34.96581794315887, \"lng\": -57.99365858256352}, {\"lat\": -34.964129163356645, \"lng\": -57.991770307417035}, {\"lat\": -34.96159592838839, \"lng\": -57.990740339155316}, {\"lat\": -34.956318104005945, \"lng\": -57.990482847089886}, {\"lat\": -34.95357350100151, \"lng\": -57.98945287882817}, {\"lat\": -34.95096956191488, \"lng\": -57.98953870951665}, {\"lat\": -34.949843508583264, \"lng\": -57.9893670481397}, {\"lat\": -34.94745059389708, \"lng\": -57.98850874125493}, {\"lat\": -34.945127992262634, \"lng\": -57.98799375712407}, {\"lat\": -34.94336840176813, \"lng\": -57.987736265058636}, {\"lat\": -34.94196070218587, \"lng\": -57.988165418501026}, {\"lat\": -34.938652513047025, \"lng\": -57.988165418501026}, {\"lat\": -34.93640005259255, \"lng\": -57.98850874125493}, {\"lat\": -34.934569882924606, \"lng\": -57.98807958781254}, {\"lat\": -34.93302124592554, \"lng\": -57.987478772993214}, {\"lat\": -34.93210612850169, \"lng\": -57.98636297404301}, {\"lat\": -34.93203573443085, \"lng\": -57.98507551371586}, {\"lat\": -34.93245809794976, \"lng\": -57.98387388407719}, {\"lat\": -34.9339041729829, \"lng\": -57.98219650809189}, {\"lat\": -34.93538240211405, \"lng\": -57.98168152396102}, {\"lat\": -34.936227092513846, \"lng\": -57.981595693272546}, {\"lat\": -34.93714216396376, \"lng\": -57.98150986258407}, {\"lat\": -34.938198002950685, \"lng\": -57.981338201207116}, {\"lat\": -34.94030964014713, \"lng\": -57.98099487845321}, {\"lat\": -34.94087273421686, \"lng\": -57.98056572501083}, {\"lat\": -34.94115427980184, \"lng\": -57.980136571568444}, {\"lat\": -34.94122466604705, \"lng\": -57.97944992606063}, {\"lat\": -34.939951674813535, \"lng\": -57.97854502627161}, {\"lat\": -34.93882547015912, \"lng\": -57.978115872829235}, {\"lat\": -34.936924964736214, \"lng\": -57.97803004214075}, {\"lat\": -34.93530598093661, \"lng\": -57.978115872829235}, {\"lat\": -34.93186593383582, \"lng\": -57.97759023320397}, {\"lat\": -34.92890932219541, \"lng\": -57.977418571827}, {\"lat\": -34.926797391501914, \"lng\": -57.977933555957875}, {\"lat\": -34.9253894075052, \"lng\": -57.97887769353112}, {\"lat\": -34.9233477877953, \"lng\": -57.97879186284264}, {\"lat\": -34.92109490709684, \"lng\": -57.97862020146569}, {\"lat\": -34.91877155910029, \"lng\": -57.97776189458092}, {\"lat\": -34.91658896016065, \"lng\": -57.97759023320397}, {\"lat\": -34.91511039241985, \"lng\": -57.97759023320397}, {\"lat\": -34.91264605366711, \"lng\": -57.97776189458092}, {\"lat\": -34.910181640935484, \"lng\": -57.977161079761586}, {\"lat\": -34.90968874951186, \"lng\": -57.97638860356528}, {\"lat\": -34.90954792284735, \"lng\": -57.973813682911}, {\"lat\": -34.90954792284735, \"lng\": -57.972697883960805}, {\"lat\": -34.91131427262264, \"lng\": -57.97000280348584}, {\"lat\": -34.91194797707654, \"lng\": -57.96880117384717}, {\"lat\": -34.913285781526454, \"lng\": -57.968114528339356}, {\"lat\": -34.91441233678522, \"lng\": -57.967427882831544}, {\"lat\": -34.915046017324165, \"lng\": -57.967342052143074}, {\"lat\": -34.9164541787856, \"lng\": -57.96717039076612}, {\"lat\": -34.91765109703393, \"lng\": -57.96717039076612}, {\"lat\": -34.91884799782819, \"lng\": -57.96717039076612}, {\"lat\": -34.91976326312899, \"lng\": -57.9672562214546}, {\"lat\": -34.92046730641477, \"lng\": -57.9672562214546}, {\"lat\": -34.920889729487214, \"lng\": -57.96699872938917}, {\"lat\": -34.92159376310945, \"lng\": -57.96622625319288}, {\"lat\": -34.922438595483634, \"lng\": -57.966054591815926}, {\"lat\": -34.923072214056575, \"lng\": -57.966312083881355}, {\"lat\": -34.923565025119906, \"lng\": -57.966569575946785}, {\"lat\": -34.92377622895532, \"lng\": -57.967084560077645}, {\"lat\": -34.924905897271564, \"lng\": -57.966648198198534}, {\"lat\": -34.925891494413854, \"lng\": -57.96656236751006}, {\"lat\": -34.92781437936716, \"lng\": -57.96647653682158}, {\"lat\": -34.92802557226505, \"lng\": -57.96733484370635}, {\"lat\": -34.92865914769698, \"lng\": -57.96767816646025}, {\"lat\": -34.92975934262822, \"lng\": -57.96878170163837}, {\"lat\": -34.93046330015177, \"lng\": -57.96989750058857}, {\"lat\": -34.93123764645092, \"lng\": -57.970584146096385}, {\"lat\": -34.93187119707738, \"lng\": -57.97144245298115}, {\"lat\": -34.93208237953221, \"lng\": -57.97232772863936}, {\"lat\": -34.932504742810934, \"lng\": -57.973271866212606}, {\"lat\": -34.9334902486711, \"lng\": -57.97344352758956}, {\"lat\": -34.933912604701014, \"lng\": -57.97310020483565}, {\"lat\": -34.93419417417949, \"lng\": -57.972585220704794}, {\"lat\": -34.933560641493756, \"lng\": -57.97095443762374}, {\"lat\": -34.93292710391506, \"lng\": -57.96992446936202}, {\"lat\": -34.932152773563026, \"lng\": -57.96898033178878}, {\"lat\": -34.93144883053671, \"lng\": -57.968551178346395}, {\"lat\": -34.930744881469856, \"lng\": -57.96743537939619}, {\"lat\": -34.930252113528965, \"lng\": -57.96606208838057}, {\"lat\": -34.93032250913028, \"lng\": -57.965289612184286}, {\"lat\": -34.93136234532284, \"lng\": -57.96429888170679}, {\"lat\": -34.93206628909127, \"lng\": -57.96395555895288}, {\"lat\": -34.93326297963442, \"lng\": -57.964127220329836}, {\"lat\": -34.93375572948978, \"lng\": -57.964384712395265}, {\"lat\": -34.93424847638519, \"lng\": -57.965157188591554}, {\"lat\": -34.93488200375851, \"lng\": -57.9664446489187}, {\"lat\": -34.93565630834765, \"lng\": -57.967217125114985}, {\"lat\": -34.93664177634411, \"lng\": -57.96798960131128}, {\"lat\": -34.93720489559749, \"lng\": -57.967732109245844}, {\"lat\": -34.9376976217727, \"lng\": -57.9679037706228}, {\"lat\": -34.93868306524273, \"lng\": -57.96859041613062}, {\"lat\": -34.93959810929134, \"lng\": -57.96893373888452}, {\"lat\": -34.94037236935811, \"lng\": -57.969105400261476}, {\"lat\": -34.94182717181033, \"lng\": -57.96976703626571}, {\"lat\": -34.94239025546002, \"lng\": -57.96993869764266}, {\"lat\": -34.94274218077761, \"lng\": -57.97062534315047}, {\"lat\": -34.94351641115989, \"lng\": -57.97079700452743}, {\"lat\": -34.94407948320999, \"lng\": -57.9726852796739}, {\"lat\": -34.944642551393535, \"lng\": -57.973715247935615}, {\"lat\": -34.94541676383249, \"lng\": -57.975346031016684}, {\"lat\": -34.94626135088294, \"lng\": -57.97568935377059}, {\"lat\": -34.94682440408324, \"lng\": -57.97517436963973}, {\"lat\": -34.94675402264469, \"lng\": -57.9730286024278}, {\"lat\": -34.94626135088294, \"lng\": -57.9719986341661}, {\"lat\": -34.945275998478245, \"lng\": -57.97045368177352}, {\"lat\": -34.944361017785084, \"lng\": -57.96968120557722}, {\"lat\": -34.94330525814423, \"lng\": -57.96873706800399}, {\"lat\": -34.94196794308521, \"lng\": -57.96779293043073}, {\"lat\": -34.940489832646314, \"lng\": -57.96667713148054}, {\"lat\": -34.939574798547184, \"lng\": -57.965561332530356}, {\"lat\": -34.93894130742087, \"lng\": -57.9646171949571}, {\"lat\": -34.937885478003025, \"lng\": -57.963329734629966}, {\"lat\": -34.9371111944579, \"lng\": -57.962213935679756}, {\"lat\": -34.93647768430225, \"lng\": -57.96161312086042}, {\"lat\": -34.935632996483136, \"lng\": -57.96092647535261}, {\"lat\": -34.93591456005606, \"lng\": -57.95929569227157}, {\"lat\": -34.9371111944579, \"lng\": -57.95878070814071}, {\"lat\": -34.9380262560441, \"lng\": -57.95792240125594}, {\"lat\": -34.93894130742087, \"lng\": -57.95732158643659}, {\"lat\": -34.94077137954586, \"lng\": -57.95654911024032}, {\"lat\": -34.94196794308521, \"lng\": -57.95654911024032}, {\"lat\": -34.943446026881745, \"lng\": -57.95646327955184}, {\"lat\": -34.944924084035335, \"lng\": -57.95654911024032}, {\"lat\": -34.946110530563836, \"lng\": -57.95693902589848}, {\"lat\": -34.94716625408449, \"lng\": -57.95702485658694}, {\"lat\": -34.94843310436521, \"lng\": -57.957282348652384}, {\"lat\": -34.94980851891208, \"lng\": -57.957883163471706}, {\"lat\": -34.95106157411501, \"lng\": -57.95876949734521}, {\"lat\": -34.95204685698594, \"lng\": -57.960142788360834}, {\"lat\": -34.95253949398046, \"lng\": -57.961601910064935}, {\"lat\": -34.95317288005157, \"lng\": -57.963232693146}, {\"lat\": -34.953876636612726, \"lng\": -57.96469181485009}, {\"lat\": -34.95422851262742, \"lng\": -57.96589344448876}, {\"lat\": -34.955073008899575, \"lng\": -57.96623676724268}, {\"lat\": -34.955636001580444, \"lng\": -57.9676100582583}, {\"lat\": -34.956486513859545, \"lng\": -57.968331027659595}, {\"lat\": -34.956979124171134, \"lng\": -57.96987598005217}, {\"lat\": -34.958175451172444, \"lng\": -57.96876018110197}, {\"lat\": -34.95944213131611, \"lng\": -57.96918933454436}, {\"lat\": -34.960356943688225, \"lng\": -57.96936099592131}, {\"lat\": -34.9614828525885, \"lng\": -57.96996181074065}, {\"lat\": -34.96281984931503, \"lng\": -57.97064845624846}, {\"lat\": -34.96380499083851, \"lng\": -57.97090594831389}, {\"lat\": -34.96523442483264, \"lng\": -57.97200212837197}, {\"lat\": -34.965867712794655, \"lng\": -57.9733754193876}, {\"lat\": -34.96671208912958, \"lng\": -57.97363291145303}, {\"lat\": -34.967204637972834, \"lng\": -57.972517112502835}, {\"lat\": -34.96734536566988, \"lng\": -57.97122965217569}, {\"lat\": -34.966993545974034, \"lng\": -57.969770530471585}, {\"lat\": -34.96643063131819, \"lng\": -57.968311408767484}, {\"lat\": -34.96565661735121, \"lng\": -57.96685228706338}, {\"lat\": -34.96481223013855, \"lng\": -57.96547899604776}, {\"lat\": -34.96263085622864, \"lng\": -57.96436319709756}, {\"lat\": -34.96108274919103, \"lng\": -57.964277366409085}, {\"lat\": -34.95953461290613, \"lng\": -57.96393404365518}, {\"lat\": -34.9577753316269, \"lng\": -57.963762382278226}, {\"lat\": -34.956649371788444, \"lng\": -57.96307573677041}, {\"lat\": -34.95545302251089, \"lng\": -57.96195993782022}, {\"lat\": -34.9539047798769, \"lng\": -57.95972833991983}, {\"lat\": -34.95320102355738, \"lng\": -57.95869837165811}, {\"lat\": -34.95235650799825, \"lng\": -57.957325080642484}, {\"lat\": -34.95200462394735, \"lng\": -57.95586595893838}, {\"lat\": -34.952145377748955, \"lng\": -57.95414934516885}, {\"lat\": -34.95186386990402, \"lng\": -57.952776054153226}, {\"lat\": -34.95172311561903, \"lng\": -57.951574424514554}, {\"lat\": -34.95158236109234, \"lng\": -57.95123110176065}, {\"lat\": -34.95207500087838, \"lng\": -57.9499436414335}, {\"lat\": -34.953060271568425, \"lng\": -57.94968614936807}, {\"lat\": -34.95355290247242, \"lng\": -57.94925699592569}, {\"lat\": -34.954115905594506, \"lng\": -57.94874201179483}, {\"lat\": -34.95369365361549, \"lng\": -57.94796953559854}, {\"lat\": -34.95298989548329, \"lng\": -57.94711122871377}, {\"lat\": -34.95193424695589, \"lng\": -57.94642458320596}, {\"lat\": -34.95066745077789, \"lng\": -57.94685373664834}, {\"lat\": -34.94954139329643, \"lng\": -57.948055366287015}, {\"lat\": -34.948767219805625, \"lng\": -57.948570350417874}, {\"lat\": -34.94728923193157, \"lng\": -57.94917116523721}, {\"lat\": -34.944896242692735, \"lng\": -57.95011530281045}, {\"lat\": -34.943347800674836, \"lng\": -57.95054445625283}, {\"lat\": -34.94194010073891, \"lng\": -57.95114527107217}, {\"lat\": -34.94039160289828, \"lng\": -57.95148859382608}, {\"lat\": -34.9373649090568, \"lng\": -57.953033546218656}, {\"lat\": -34.934619671534925, \"lng\": -57.95320520759561}, {\"lat\": -34.93363417924375, \"lng\": -57.95389185310342}, {\"lat\": -34.931801853305856, \"lng\": -57.95485006703531}, {\"lat\": -34.930253164049674, \"lng\": -57.95579420460855}, {\"lat\": -34.92877484248706, \"lng\": -57.9566525114933}, {\"lat\": -34.92539572174516, \"lng\": -57.95802580250893}, {\"lat\": -34.924410118647906, \"lng\": -57.95862661732828}, {\"lat\": -34.92363570790932, \"lng\": -57.959570754901506}, {\"lat\": -34.92243887693826, \"lng\": -57.96008573903238}, {\"lat\": -34.92131243184382, \"lng\": -57.960686553851716}, {\"lat\": -34.918707468343435, \"lng\": -57.96128736867105}, {\"lat\": -34.91694731106337, \"lng\": -57.961459030048005}, {\"lat\": -34.91624323758231, \"lng\": -57.96128736867105}, {\"lat\": -34.91539834143306, \"lng\": -57.961201537982575}, {\"lat\": -34.913990161858564, \"lng\": -57.96128736867105}, {\"lat\": -34.91293401132478, \"lng\": -57.96163069142496}, {\"lat\": -34.911455377749654, \"lng\": -57.962059844867326}, {\"lat\": -34.90955423830611, \"lng\": -57.96231733693277}, {\"lat\": -34.90638557473795, \"lng\": -57.962574828998186}, {\"lat\": -34.905822243968274, \"lng\": -57.963175643817536}, {\"lat\": -34.904977240567504, \"lng\": -57.963690627948395}, {\"lat\": -34.90314038288323, \"lng\": -57.96375635254663}, {\"lat\": -34.902013672954155, \"lng\": -57.96409967530054}, {\"lat\": -34.900675684836095, \"lng\": -57.96478632080835}, {\"lat\": -34.899196830503264, \"lng\": -57.96573045838159}, {\"lat\": -34.897788373049295, \"lng\": -57.966417103889405}, {\"lat\": -34.89673201410919, \"lng\": -57.96684625733179}, {\"lat\": -34.8956756415839, \"lng\": -57.9675329028396}, {\"lat\": -34.89454882924989, \"lng\": -57.969163685920655}, {\"lat\": -34.89363328284743, \"lng\": -57.97079446900171}, {\"lat\": -34.89236558636837, \"lng\": -57.971910267951905}, {\"lat\": -34.89137958669391, \"lng\": -57.974141865852296}, {\"lat\": -34.890393575186025, \"lng\": -57.97525766480249}, {\"lat\": -34.89025271543323, \"lng\": -57.97620180237573}, {\"lat\": -34.890393575186025, \"lng\": -57.977145939948976}, {\"lat\": -34.89264729838757, \"lng\": -57.98023584473413}, {\"lat\": -34.89363328284743, \"lng\": -57.98135164368433}, {\"lat\": -34.8956756415839, \"lng\": -57.98375490296167}, {\"lat\": -34.896309466729264, \"lng\": -57.984870701911866}, {\"lat\": -34.896661589696805, \"lng\": -57.985385686042726}, {\"lat\": -34.89736583110351, \"lng\": -57.98581483948511}]', 1, '#1c1fd8'),
(2, 't4ew7', 'La Plata 2', '[{\"lat\": -34.90177908280255, \"lng\": -57.933368805097416}, {\"lat\": -34.90346914672711, \"lng\": -57.933883789228275}, {\"lat\": -34.90530001006254, \"lng\": -57.9345704347361}, {\"lat\": -34.90656750692069, \"lng\": -57.935772064374774}, {\"lat\": -34.90783498421369, \"lng\": -57.93663037125954}, {\"lat\": -34.908820786359335, \"lng\": -57.93766033952126}, {\"lat\": -34.90994740288978, \"lng\": -57.938518646406024}, {\"lat\": -34.911496475376545, \"lng\": -57.93954861466774}, {\"lat\": -34.911842545086934, \"lng\": -57.940692901611335}, {\"lat\": -34.91233542357999, \"lng\": -57.941207885742195}, {\"lat\": -34.9130395305797, \"lng\": -57.94180870056153}, {\"lat\": -34.91367322171601, \"lng\": -57.94249534606934}, {\"lat\": -34.91444772646174, \"lng\": -57.94326782226563}, {\"lat\": -34.91571508210138, \"lng\": -57.9441261291504}, {\"lat\": -34.916348752583446, \"lng\": -57.94455528259277}, {\"lat\": -34.917052825159445, \"lng\": -57.94489860534668}, {\"lat\": -34.91817932871893, \"lng\": -57.94481277465821}, {\"lat\": -34.919094601476566, \"lng\": -57.94481277465821}, {\"lat\": -34.920150672744505, \"lng\": -57.94472694396973}, {\"lat\": -34.92120673042317, \"lng\": -57.944469451904304}, {\"lat\": -34.92212196941902, \"lng\": -57.944040298461914}, {\"lat\": -34.923107599999234, \"lng\": -57.94361114501954}, {\"lat\": -34.923952416788616, \"lng\": -57.94326782226563}, {\"lat\": -34.92529002558404, \"lng\": -57.942924499511726}, {\"lat\": -34.926557213803136, \"lng\": -57.94240951538087}, {\"lat\": -34.92768358690194, \"lng\": -57.94206619262696}, {\"lat\": -34.928035575324174, \"lng\": -57.94206619262696}, {\"lat\": -34.92895073815489, \"lng\": -57.94258117675782}, {\"lat\": -34.92993628671012, \"lng\": -57.942924499511726}, {\"lat\": -34.93148498194821, \"lng\": -57.94283866882325}, {\"lat\": -34.932188924664295, \"lng\": -57.942924499511726}, {\"lat\": -34.93289286133977, \"lng\": -57.942924499511726}, {\"lat\": -34.933315220445564, \"lng\": -57.942667007446296}, {\"lat\": -34.933456006330886, \"lng\": -57.94180870056153}, {\"lat\": -34.933737577376675, \"lng\": -57.94112205505372}, {\"lat\": -34.933807969987114, \"lng\": -57.94052124023438}, {\"lat\": -34.93296325467508, \"lng\": -57.940177917480476}, {\"lat\": -34.93183695406132, \"lng\": -57.94000625610352}, {\"lat\": -34.93064024271538, \"lng\": -57.939920425415046}, {\"lat\": -34.929443513912396, \"lng\": -57.93957710266114}, {\"lat\": -34.92838756223637, \"lng\": -57.939491271972656}, {\"lat\": -34.927190800573854, \"lng\": -57.93957710266114}, {\"lat\": -34.92381161459439, \"lng\": -57.93940544128419}, {\"lat\": -34.922966796355425, \"lng\": -57.93974876403809}, {\"lat\": -34.921910761325954, \"lng\": -57.94026374816895}, {\"lat\": -34.92099551997459, \"lng\": -57.94077873229981}, {\"lat\": -34.92008026841608, \"lng\": -57.941207885742195}, {\"lat\": -34.919305816817285, \"lng\": -57.941207885742195}, {\"lat\": -34.91824973467806, \"lng\": -57.94103622436524}, {\"lat\": -34.917404859182625, \"lng\": -57.94026374816895}, {\"lat\": -34.917052825159445, \"lng\": -57.9393196105957}, {\"lat\": -34.916348752583446, \"lng\": -57.93854713439942}, {\"lat\": -34.916348752583446, \"lng\": -57.93803215026856}, {\"lat\": -34.91663038233857, \"lng\": -57.93760299682618}, {\"lat\": -34.91775689169598, \"lng\": -57.93674468994141}, {\"lat\": -34.91853135791056, \"lng\": -57.93631553649903}, {\"lat\": -34.918953790947455, \"lng\": -57.9360580444336}, {\"lat\": -34.919587436426035, \"lng\": -57.93580055236817}, {\"lat\": -34.919587436426035, \"lng\": -57.934942245483406}, {\"lat\": -34.91832014057678, \"lng\": -57.93477058410645}, {\"lat\": -34.91726404575454, \"lng\": -57.93485641479493}, {\"lat\": -34.91641916011283, \"lng\": -57.935199737548835}, {\"lat\": -34.91571508210138, \"lng\": -57.935714721679695}, {\"lat\": -34.91536304083093, \"lng\": -57.93631553649903}, {\"lat\": -34.91487018051578, \"lng\": -57.93674468994141}, {\"lat\": -34.9130395305797, \"lng\": -57.93674468994141}, {\"lat\": -34.91247624546305, \"lng\": -57.93683052062989}, {\"lat\": -34.91127925175715, \"lng\": -57.93665885925294}, {\"lat\": -34.91036389185305, \"lng\": -57.93631553649903}, {\"lat\": -34.909730175171674, \"lng\": -57.9360580444336}, {\"lat\": -34.90909645359885, \"lng\": -57.93554306030274}, {\"lat\": -34.908321898367106, \"lng\": -57.9345989227295}, {\"lat\": -34.907758580881826, \"lng\": -57.93374061584473}, {\"lat\": -34.90719525953179, \"lng\": -57.932968139648445}, {\"lat\": -34.906350270260305, \"lng\": -57.93253898620606}, {\"lat\": -34.90578693924843, \"lng\": -57.932195663452156}, {\"lat\": -34.90529402144279, \"lng\": -57.931938171386726}, {\"lat\": -34.9042377590386, \"lng\": -57.93142318725587}, {\"lat\": -34.90374483193367, \"lng\": -57.930994033813484}, {\"lat\": -34.90304064522261, \"lng\": -57.930479049682624}, {\"lat\": -34.90247729150613, \"lng\": -57.92979240417481}, {\"lat\": -34.902336452473165, \"lng\": -57.928934097290046}, {\"lat\": -34.90275896884744, \"lng\": -57.92807579040528}, {\"lat\": -34.903463157973846, \"lng\": -57.92738914489747}, {\"lat\": -34.904096923024824, \"lng\": -57.926702499389656}, {\"lat\": -34.90501235279681, \"lng\": -57.92532920837403}, {\"lat\": -34.90578693924843, \"lng\": -57.92404174804688}, {\"lat\": -34.9064911024094, \"lng\": -57.92318344116212}, {\"lat\": -34.90663193431698, \"lng\": -57.92275428771973}, {\"lat\": -34.90670235018016, \"lng\": -57.92189598083497}, {\"lat\": -34.90719525953179, \"lng\": -57.9210376739502}, {\"lat\": -34.908040240107574, \"lng\": -57.91966438293458}, {\"lat\": -34.908744383944764, \"lng\": -57.918977737426765}, {\"lat\": -34.909307694666616, \"lng\": -57.91820526123047}, {\"lat\": -34.90980058837783, \"lng\": -57.91777610778809}, {\"lat\": -34.91029347913001, \"lng\": -57.91657447814942}, {\"lat\": -34.911068015762034, \"lng\": -57.915716171264656}, {\"lat\": -34.91177213363206, \"lng\": -57.91460037231446}, {\"lat\": -34.91247624546305, \"lng\": -57.913742065429695}, {\"lat\": -34.91409567975592, \"lng\": -57.91288375854493}, {\"lat\": -34.91487018051578, \"lng\": -57.91262626647949}, {\"lat\": -34.915151815343904, \"lng\": -57.91193962097169}, {\"lat\": -34.91592630613896, \"lng\": -57.91108131408692}, {\"lat\": -34.91663038233857, \"lng\": -57.91065216064454}, {\"lat\": -34.917123232084855, \"lng\": -57.90987968444825}, {\"lat\": -34.91754567236916, \"lng\": -57.90884971618653}, {\"lat\": -34.91824973467806, \"lng\": -57.908506393432624}, {\"lat\": -34.919235411764134, \"lng\": -57.90833473205567}, {\"lat\": -34.91993945957805, \"lng\": -57.90893554687501}, {\"lat\": -34.920432289454226, \"lng\": -57.909965515136726}, {\"lat\": -34.92106592351787, \"lng\": -57.91082382202149}, {\"lat\": -34.92113632700073, \"lng\": -57.911510467529304}, {\"lat\": -34.92212196941902, \"lng\": -57.91417121887208}, {\"lat\": -34.92275559043671, \"lng\": -57.91537284851075}, {\"lat\": -34.923037198207545, \"lng\": -57.91631698608399}, {\"lat\": -34.92338920656208, \"lng\": -57.91717529296876}, {\"lat\": -34.92345960805181, \"lng\": -57.917518615722656}, {\"lat\": -34.92388201572168, \"lng\": -57.918119430542}, {\"lat\": -34.924445222565836, \"lng\": -57.91889190673829}, {\"lat\": -34.92493802538348, \"lng\": -57.919750213623054}, {\"lat\": -34.9255012249796, \"lng\": -57.92026519775391}, {\"lat\": -34.92620521903865, \"lng\": -57.9210376739502}, {\"lat\": -34.926557213803136, \"lng\": -57.921466827392585}, {\"lat\": -34.92796517776052, \"lng\": -57.92112350463868}, {\"lat\": -34.9285283565784, \"lng\": -57.921981811523445}, {\"lat\": -34.92916192812766, \"lng\": -57.92232513427735}, {\"lat\": -34.92986589077741, \"lng\": -57.92318344116212}, {\"lat\": -34.93078103319155, \"lng\": -57.92387008666993}, {\"lat\": -34.93162577097466, \"lng\": -57.92481422424317}, {\"lat\": -34.93232971248263, \"lng\": -57.925243377685554}, {\"lat\": -34.93296325467508, \"lng\": -57.92593002319337}, {\"lat\": -34.933526399182945, \"lng\": -57.926445007324226}, {\"lat\": -34.934159932133156, \"lng\": -57.92730331420899}, {\"lat\": -34.935004635122056, \"lng\": -57.92841911315919}, {\"lat\": -34.93556776561533, \"lng\": -57.92876243591309}, {\"lat\": -34.93627167329513, \"lng\": -57.929019927978516}, {\"lat\": -34.93669401500337, \"lng\": -57.92927742004395}, {\"lat\": -34.937327523488094, \"lng\": -57.92962074279786}, {\"lat\": -34.937257133898086, \"lng\": -57.92919158935547}, {\"lat\": -34.93683479508952, \"lng\": -57.92876243591309}, {\"lat\": -34.936482844421086, \"lng\": -57.92790412902833}, {\"lat\": -34.93613089224246, \"lng\": -57.92687416076661}, {\"lat\": -34.93535659213339, \"lng\": -57.92593002319337}, {\"lat\": -34.93465267660047, \"lng\": -57.9250717163086}, {\"lat\": -34.93387836253714, \"lng\": -57.924470901489265}, {\"lat\": -34.93317443431857, \"lng\": -57.92387008666993}, {\"lat\": -34.93232971248263, \"lng\": -57.92292594909668}, {\"lat\": -34.9316961653973, \"lng\": -57.922239303588874}, {\"lat\": -34.93120340317042, \"lng\": -57.921724319458015}, {\"lat\": -34.930569847386664, \"lng\": -57.92112350463868}, {\"lat\": -34.92979549478424, \"lng\": -57.92052268981934}, {\"lat\": -34.9290211348729, \"lng\": -57.91966438293458}, {\"lat\": -34.92831716497472, \"lng\": -57.918720245361335}, {\"lat\": -34.927770071697175, \"lng\": -57.917834964464426}, {\"lat\": -34.92692529421318, \"lng\": -57.917577472398996}, {\"lat\": -34.92629170539218, \"lng\": -57.917319980333566}, {\"lat\": -34.92558771207516, \"lng\": -57.91611835069489}, {\"lat\": -34.92544691268694, \"lng\": -57.915345874498605}, {\"lat\": -34.925024513072685, \"lng\": -57.91423007554841}, {\"lat\": -34.92474291212182, \"lng\": -57.9135434300406}, {\"lat\": -34.92417970732089, \"lng\": -57.91277095384431}, {\"lat\": -34.923546097299244, \"lng\": -57.911826816271066}, {\"lat\": -34.92319408961771, \"lng\": -57.91105434007478}, {\"lat\": -34.92298288428396, \"lng\": -57.910196033190005}, {\"lat\": -34.922630874186474, \"lng\": -57.909080234239816}, {\"lat\": -34.92241966740318, \"lng\": -57.908136096666574}, {\"lat\": -34.92234926502128, \"lng\": -57.90727778978181}, {\"lat\": -34.92192684946152, \"lng\": -57.90624782152009}, {\"lat\": -34.92150443172746, \"lng\": -57.90564700670075}, {\"lat\": -34.921011608289625, \"lng\": -57.90521785325837}, {\"lat\": -34.92108201181906, \"lng\": -57.904960361192934}, {\"lat\": -34.92094120469976, \"lng\": -57.90418788499665}, {\"lat\": -34.92319408961771, \"lng\": -57.90178462571931}, {\"lat\": -34.92389810347083, \"lng\": -57.90118381089997}, {\"lat\": -34.92481331245014, \"lng\": -57.90075465745759}, {\"lat\": -34.92523571315161, \"lng\": -57.90058299608064}, {\"lat\": -34.92601010879018, \"lng\": -57.89981051988435}, {\"lat\": -34.92650290220948, \"lng\": -57.89895221299958}, {\"lat\": -34.927277285888565, \"lng\": -57.8970639378531}, {\"lat\": -34.92769967390572, \"lng\": -57.89517566270661}, {\"lat\": -34.92741808213587, \"lng\": -57.893888202379465}, {\"lat\": -34.92664369978565, \"lng\": -57.89268657274079}, {\"lat\": -34.92572851122178, \"lng\": -57.89182826585603}, {\"lat\": -34.92616108638542, \"lng\": -57.89095317944885}, {\"lat\": -34.92524589243857, \"lng\": -57.8896657191217}, {\"lat\": -34.92404908495206, \"lng\": -57.88846408948303}, {\"lat\": -34.92285226001005, \"lng\": -57.887090798467405}, {\"lat\": -34.9215850145752, \"lng\": -57.88571750745178}, {\"lat\": -34.92031774957147, \"lng\": -57.884086724370725}, {\"lat\": -34.91876884354785, \"lng\": -57.883056756109006}, {\"lat\": -34.91799437957418, \"lng\": -57.8827134333551}, {\"lat\": -34.916304614629425, \"lng\": -57.884859200567014}, {\"lat\": -34.91644542970348, \"lng\": -57.88640415295959}, {\"lat\": -34.917853567157444, \"lng\": -57.88717662915589}, {\"lat\": -34.918698438034035, \"lng\": -57.88794910535217}, {\"lat\": -34.91940249045431, \"lng\": -57.88854992017151}, {\"lat\": -34.920106536835, \"lng\": -57.89026653394104}, {\"lat\": -34.92074017341369, \"lng\": -57.89206897839905}, {\"lat\": -34.92109219162127, \"lng\": -57.892755623906865}, {\"lat\": -34.92144420831893, \"lng\": -57.89344226941468}, {\"lat\": -34.921514611477285, \"lng\": -57.89361393079163}, {\"lat\": -34.921514611477285, \"lng\": -57.894815560430295}, {\"lat\": -34.92045855776047, \"lng\": -57.89730465039612}, {\"lat\": -34.91996572804202, \"lng\": -57.89764797315003}, {\"lat\": -34.919332085484086, \"lng\": -57.897991295903935}, {\"lat\": -34.91848722113023, \"lng\": -57.89713298901917}, {\"lat\": -34.917923973396015, \"lng\": -57.89653217419983}, {\"lat\": -34.91736072179652, \"lng\": -57.89824878796936}, {\"lat\": -34.91672705912689, \"lng\": -57.8988496027887}, {\"lat\": -34.915741351917404, \"lng\": -57.89833461865784}, {\"lat\": -34.91496685937727, \"lng\": -57.897562142461545}, {\"lat\": -34.91398113103017, \"lng\": -57.896103020757444}, {\"lat\": -34.91334744227078, \"lng\": -57.89575969800354}, {\"lat\": -34.91200963882571, \"lng\": -57.898077126592405}, {\"lat\": -34.89947547409138, \"lng\": -57.9197064600885}, {\"lat\": -34.8969402418856, \"lng\": -57.92434131726624}, {\"lat\": -34.894616210289, \"lng\": -57.928804513067014}, {\"lat\": -34.89517961792595, \"lng\": -57.93034946545959}, {\"lat\": -34.89609514709447, \"lng\": -57.93129360303284}, {\"lat\": -34.89708109017214, \"lng\": -57.93240940198303}, {\"lat\": -34.897926174819645, \"lng\": -57.93318187817932}, {\"lat\": -34.899545896091155, \"lng\": -57.93515598401429}, {\"lat\": -34.900038848399085, \"lng\": -57.935756798833616}]', 1, '#af0077'),
(3, 'aa123', 'Zona1', '[{\"lat\": -34.92084502261776, \"lng\": -57.95590210065711}, {\"lat\": -34.9278823538, \"lng\": -57.95916366681924}, {\"lat\": -34.92957122347638, \"lng\": -57.94010925397744}]', 1, '#af0077'),
(4, '3', 'puntsdds', '[{\"lat\": -34.92084502261776, \"lng\": -57.95590210065711}, {\"lat\": -34.9278823538, \"lng\": -57.95916366681924}, {\"lat\": -34.92957122347638, \"lng\": -57.94010925397744}]', 1, '#f2abbc'),
(5, '6k183', 'Punta Lara', '[{\"lat\": -34.79135898963996, \"lng\": -57.99674526817398}, {\"lat\": -34.794109949219944, \"lng\": -57.99940601951677}, {\"lat\": -34.79506218307646, \"lng\": -57.998633543320466}, {\"lat\": -34.79545012705044, \"lng\": -57.999019781418625}, {\"lat\": -34.79612020779706, \"lng\": -57.99816147453386}, {\"lat\": -34.79661394802041, \"lng\": -57.99773232109146}, {\"lat\": -34.79689608396338, \"lng\": -57.997646490403}, {\"lat\": -34.79746035295291, \"lng\": -57.99768940574724}, {\"lat\": -34.79857275728035, \"lng\": -57.997903982468415}, {\"lat\": -34.79913701479441, \"lng\": -57.9982043898781}, {\"lat\": -34.79994812820487, \"lng\": -57.998504797287765}, {\"lat\": -34.80058290704624, \"lng\": -57.99876228935318}, {\"lat\": -34.80146453621718, \"lng\": -57.99884812004167}, {\"lat\": -34.80192297965971, \"lng\": -57.99867645866472}, {\"lat\": -34.80245194969448, \"lng\": -57.99859062797623}, {\"lat\": -34.80333355887586, \"lng\": -57.997517744370285}, {\"lat\": -34.803897783803485, \"lng\": -57.99653069145279}, {\"lat\": -34.80453253223047, \"lng\": -57.99588696128923}, {\"lat\": -34.80502622207201, \"lng\": -57.994942823715974}, {\"lat\": -34.80551990895647, \"lng\": -57.994427839585114}, {\"lat\": -34.8063662224501, \"lng\": -57.9936124480446}, {\"lat\": -34.806754113230355, \"lng\": -57.99271122581558}, {\"lat\": -34.80721252725343, \"lng\": -57.99198166496353}, {\"lat\": -34.80774146334242, \"lng\": -57.99133793479997}, {\"lat\": -34.80788251239282, \"lng\": -57.991037527390304}, {\"lat\": -34.80848196816388, \"lng\": -57.990393797226716}, {\"lat\": -34.808658277854974, \"lng\": -57.98987881309586}, {\"lat\": -34.80908141957462, \"lng\": -57.98944965965349}, {\"lat\": -34.80938106508966, \"lng\": -57.98889584111749}, {\"lat\": -34.80976894168036, \"lng\": -57.98820919560968}, {\"lat\": -34.810297861361875, \"lng\": -57.98739380406915}, {\"lat\": -34.81079151666842, \"lng\": -57.98662132787286}, {\"lat\": -34.81100308232309, \"lng\": -57.98593468236505}, {\"lat\": -34.811355690540466, \"lng\": -57.98559135961114}, {\"lat\": -34.811849339509955, \"lng\": -57.98481888341485}, {\"lat\": -34.812131423307605, \"lng\": -57.98421806859552}, {\"lat\": -34.81237824583838, \"lng\": -57.98370308446465}, {\"lat\": -34.812766108321604, \"lng\": -57.98297352361261}, {\"lat\": -34.813436048310514, \"lng\": -57.98220104741632}, {\"lat\": -34.81403546368346, \"lng\": -57.98138565587579}, {\"lat\": -34.814458577791854, \"lng\": -57.98048443364679}, {\"lat\": -34.81459961534514, \"lng\": -57.97984070348321}, {\"lat\": -34.81484643048249, \"lng\": -57.978553243156064}, {\"lat\": -34.81516376314405, \"lng\": -57.97765202092706}, {\"lat\": -34.815481094583454, \"lng\": -57.976793714042294}, {\"lat\": -34.816468340134186, \"lng\": -57.97567791509209}, {\"lat\": -34.8175260900966, \"lng\": -57.974218793388}, {\"lat\": -34.818654341754396, \"lng\": -57.97224468755304}, {\"lat\": -34.8193947485074, \"lng\": -57.97121471929132}, {\"lat\": -34.820381947159746, \"lng\": -57.96984142827569}, {\"lat\": -34.82084540473349, \"lng\": -57.9693637698074}, {\"lat\": -34.82155053541754, \"lng\": -57.96889170102078}, {\"lat\": -34.8220441233049, \"lng\": -57.968548378266874}, {\"lat\": -34.822855011270285, \"lng\": -57.967990478791776}, {\"lat\": -34.82380691304352, \"lng\": -57.96773298672635}, {\"lat\": -34.824547273483674, \"lng\": -57.96734674862819}, {\"lat\": -34.825040843413184, \"lng\": -57.966745933808866}, {\"lat\": -34.82585170187614, \"lng\": -57.96593054226834}, {\"lat\": -34.826697806543486, \"lng\": -57.96485765866238}, {\"lat\": -34.82726187149251, \"lng\": -57.96417101315457}, {\"lat\": -34.8276849176689, \"lng\": -57.96339853695828}, {\"lat\": -34.828072708088214, \"lng\": -57.962754806794706}, {\"lat\": -34.82870727029, \"lng\": -57.96172483853299}, {\"lat\": -34.82920081528863, \"lng\": -57.96073778561549}, {\"lat\": -34.82962385150453, \"lng\": -57.960179886140395}, {\"lat\": -34.83008213828605, \"lng\": -57.959536155976835}, {\"lat\": -34.83043466484394, \"lng\": -57.958763679780546}, {\"lat\": -34.83068143253647, \"lng\": -57.95786245755154}, {\"lat\": -34.83096345185101, \"lng\": -57.95713289669949}, {\"lat\": -34.831238761430875, \"lng\": -57.956452231155716}, {\"lat\": -34.83173229125697, \"lng\": -57.954478125320755}, {\"lat\": -34.83236682525826, \"lng\": -57.95357690309175}, {\"lat\": -34.83303660584355, \"lng\": -57.95327649568208}, {\"lat\": -34.83345962235335, \"lng\": -57.95293317292818}, {\"lat\": -34.83423514697665, \"lng\": -57.95246110414156}, {\"lat\": -34.83476390957708, \"lng\": -57.95228944276461}, {\"lat\": -34.83557467230209, \"lng\": -57.9519461200107}, {\"lat\": -34.8364206770679, \"lng\": -57.9516027972568}, {\"lat\": -34.836773176487824, \"lng\": -57.94984326814303}, {\"lat\": -34.83737242203775, \"lng\": -57.94782624696382}, {\"lat\": -34.83758391942571, \"lng\": -57.94503674958833}, {\"lat\": -34.838042161902216, \"lng\": -57.94091687654146}, {\"lat\": -34.838253657569524, \"lng\": -57.93915734742769}, {\"lat\": -34.838500401827964, \"lng\": -57.93756947969087}, {\"lat\": -34.83846515269346, \"lng\": -57.93542371247896}, {\"lat\": -34.83811266051837, \"lng\": -57.933750014053665}, {\"lat\": -34.83765441843428, \"lng\": -57.93276296113619}, {\"lat\": -34.837055174937035, \"lng\": -57.93160424684175}, {\"lat\": -34.835609922674216, \"lng\": -57.93113217805513}, {\"lat\": -34.8341293940491, \"lng\": -57.93130383943208}, {\"lat\": -34.83314236017474, \"lng\": -57.931732992874466}, {\"lat\": -34.832578335505374, \"lng\": -57.93203340028413}, {\"lat\": -34.832543083835276, \"lng\": -57.932977537857376}, {\"lat\": -34.832578335505374, \"lng\": -57.93439374421724}, {\"lat\": -34.832578335505374, \"lng\": -57.93688283418306}, {\"lat\": -34.83236682525826, \"lng\": -57.938985686050735}, {\"lat\": -34.83208481075027, \"lng\": -57.940745215164505}, {\"lat\": -34.83180279527637, \"lng\": -57.941646437393516}, {\"lat\": -34.83134451807119, \"lng\": -57.9440926120151}, {\"lat\": -34.83106250006179, \"lng\": -57.94507966493257}, {\"lat\": -34.8307804810865, \"lng\": -57.94576631044038}, {\"lat\": -34.82989916556324, \"lng\": -57.94671044801363}, {\"lat\": -34.829793407066575, \"lng\": -57.94782624696382}, {\"lat\": -34.82961714260365, \"lng\": -57.94958577607759}, {\"lat\": -34.82947613076166, \"lng\": -57.95035825227389}, {\"lat\": -34.82929986561961, \"lng\": -57.95134530519136}, {\"lat\": -34.8289473342036, \"lng\": -57.95246110414156}, {\"lat\": -34.828401406720666, \"lng\": -57.95365919766483}, {\"lat\": -34.82808412505253, \"lng\": -57.95477499661503}, {\"lat\": -34.82752006573535, \"lng\": -57.95580496487674}, {\"lat\": -34.82667396951571, \"lng\": -57.95713534054813}, {\"lat\": -34.82536955414656, \"lng\": -57.959195277071565}, {\"lat\": -34.824664456155965, \"lng\": -57.960353991366006}, {\"lat\": -34.82392409676916, \"lng\": -57.96134104428348}, {\"lat\": -34.82272681932116, \"lng\": -57.962696192407755}, {\"lat\": -34.82128131556485, \"lng\": -57.964241144800326}, {\"lat\": -34.82057618257621, \"lng\": -57.964970705652384}, {\"lat\": -34.81976527217724, \"lng\": -57.96638691201225}, {\"lat\": -34.818954353795704, \"lng\": -57.96763145699516}, {\"lat\": -34.81761455811106, \"lng\": -57.96883308663383}, {\"lat\": -34.81652155075639, \"lng\": -57.97029220833793}, {\"lat\": -34.8159926710241, \"lng\": -57.97127926125541}, {\"lat\": -34.815111197259064, \"lng\": -57.97256672158256}, {\"lat\": -34.81479386439503, \"lng\": -57.9735108591558}, {\"lat\": -34.81387711814454, \"lng\": -57.97402584328666}, {\"lat\": -34.81352452071683, \"lng\": -57.97449791207328}, {\"lat\": -34.81292510162688, \"lng\": -57.97501289620414}, {\"lat\": -34.81204359504363, \"lng\": -57.97531330361381}, {\"lat\": -34.81081236033438, \"lng\": -57.97655882299296}, {\"lat\": -34.810036615149684, \"lng\": -57.977760452631635}, {\"lat\": -34.80894350726738, \"lng\": -57.979262489679975}, {\"lat\": -34.80827353075341, \"lng\": -57.98012079656474}, {\"lat\": -34.807321449495724, \"lng\": -57.981794494990034}, {\"lat\": -34.806827773402354, \"lng\": -57.98243822515361}, {\"lat\": -34.80668672254681, \"lng\": -57.98329653203837}, {\"lat\": -34.80622830559917, \"lng\": -57.983725685480756}, {\"lat\": -34.804324084831535, \"lng\": -57.98505606115214}, {\"lat\": -34.80319563695034, \"lng\": -57.98569979131572}, {\"lat\": -34.8018203202076, \"lng\": -57.9861289447581}, {\"lat\": -34.80129134611957, \"lng\": -57.98660101354472}, {\"lat\": -34.8006552802024, \"lng\": -57.98735011994723}, {\"lat\": -34.80005576750672, \"lng\": -57.988508834241664}, {\"lat\": -34.79885672903581, \"lng\": -57.98992504060153}, {\"lat\": -34.79804560488726, \"lng\": -57.99108375489596}, {\"lat\": -34.79705813863094, \"lng\": -57.992242469190394}, {\"lat\": -34.79585905656241, \"lng\": -57.993229522107875}, {\"lat\": -34.79469522493681, \"lng\": -57.99421657502535}, {\"lat\": -34.793707718553655, \"lng\": -57.994946135877406}, {\"lat\": -34.79254385656208, \"lng\": -57.99580444276217}, {\"lat\": -34.791873746751456, \"lng\": -57.99627651154879}]', 1, '#87f4e5'),
(6, 'ja2tq', 'Ensenada', '[{\"lat\": -34.83248314708783, \"lng\": -57.92995936644729}, {\"lat\": -34.833752198627664, \"lng\": -57.929616043693386}, {\"lat\": -34.83466872368624, \"lng\": -57.92978770507034}, {\"lat\": -34.836008241957366, \"lng\": -57.930216858512736}, {\"lat\": -34.836854242267776, \"lng\": -57.93081767333206}, {\"lat\": -34.837700233884426, \"lng\": -57.93159014952836}, {\"lat\": -34.83847571856243, \"lng\": -57.932276795036174}, {\"lat\": -34.83911020059258, \"lng\": -57.93287760985551}, {\"lat\": -34.83981517489045, \"lng\": -57.933650086051784}, {\"lat\": -34.84044964659643, \"lng\": -57.93407923949418}, {\"lat\": -34.8412956012637, \"lng\": -57.934851715690456}, {\"lat\": -34.84228253738696, \"lng\": -57.9351092077559}, {\"lat\": -34.84312847321662, \"lng\": -57.934765885001994}, {\"lat\": -34.84439736065904, \"lng\": -57.93399340880569}, {\"lat\": -34.84538425958934, \"lng\": -57.93270594847856}, {\"lat\": -34.84672360349427, \"lng\": -57.930216858512736}, {\"lat\": -34.84771047452892, \"lng\": -57.92884356749711}, {\"lat\": -34.84876782321874, \"lng\": -57.927470276481486}, {\"lat\": -34.85031857672143, \"lng\": -57.926011154777385}, {\"lat\": -34.85158735330377, \"lng\": -57.92420871031936}, {\"lat\": -34.852954783719454, \"lng\": -57.92142780439463}, {\"lat\": -34.85358915413069, \"lng\": -57.92039783613291}, {\"lat\": -34.854082549957766, \"lng\": -57.91919620649424}, {\"lat\": -34.85513981676634, \"lng\": -57.91619213239756}, {\"lat\": -34.85570368684195, \"lng\": -57.91396053449717}, {\"lat\": -34.85647900188539, \"lng\": -57.91232975141612}, {\"lat\": -34.857183827402274, \"lng\": -57.90992649213877}, {\"lat\": -34.858170572980534, \"lng\": -57.90675075666514}, {\"lat\": -34.85894586477417, \"lng\": -57.9032316984376}, {\"lat\": -34.85929826771931, \"lng\": -57.900141793652445}, {\"lat\": -34.85986210929121, \"lng\": -57.89876850263682}, {\"lat\": -34.86061938891707, \"lng\": -57.89939786307515}, {\"lat\": -34.86146513624135, \"lng\": -57.90017033927143}, {\"lat\": -34.86386137309965, \"lng\": -57.901114476844675}, {\"lat\": -34.86456613535961, \"lng\": -57.90077115409077}, {\"lat\": -34.86597564176101, \"lng\": -57.89948369376362}, {\"lat\": -34.86731465046574, \"lng\": -57.89793874137104}, {\"lat\": -34.865263108065825, \"lng\": -57.89679166744464}, {\"lat\": -34.86258500204472, \"lng\": -57.895418376429014}, {\"lat\": -34.86004776852838, \"lng\": -57.89395925472492}, {\"lat\": -34.857580938684755, \"lng\": -57.893100947840146}, {\"lat\": -34.85469112963872, \"lng\": -57.891899318201475}, {\"lat\": -34.85194219268384, \"lng\": -57.89044019649737}, {\"lat\": -34.849735711723426, \"lng\": -57.88907019537874}, {\"lat\": -34.8455767774189, \"lng\": -57.887010258855305}, {\"lat\": -34.84381445372079, \"lng\": -57.88589445990511}, {\"lat\": -34.84120614539369, \"lng\": -57.884263676824055}, {\"lat\": -34.83909124012565, \"lng\": -57.88340536993929}, {\"lat\": -34.83676478157116, \"lng\": -57.88220374030062}, {\"lat\": -34.83373323692671, \"lng\": -57.8811737720389}, {\"lat\": -34.83218217092004, \"lng\": -57.88031546515413}, {\"lat\": -34.83175914784717, \"lng\": -57.87945715826937}, {\"lat\": -34.82964399988373, \"lng\": -57.880744618596516}, {\"lat\": -34.828797925485645, \"lng\": -57.88143126410433}, {\"lat\": -34.828586405527865, \"lng\": -57.88340536993929}, {\"lat\": -34.82865691224083, \"lng\": -57.88692442816683}, {\"lat\": -34.82851589875454, \"lng\": -57.88967101019808}, {\"lat\": -34.828233871057584, \"lng\": -57.891988438786946}, {\"lat\": -34.8280928568469, \"lng\": -57.89593665045687}, {\"lat\": -34.82833808448374, \"lng\": -57.89925102784765}, {\"lat\": -34.82876112513164, \"lng\": -57.90259842469823}, {\"lat\": -34.828972644640636, \"lng\": -57.905087514664054}, {\"lat\": -34.82932517594829, \"lng\": -57.90723328187597}, {\"lat\": -34.82967770574678, \"lng\": -57.909550710464835}, {\"lat\": -34.83010073951282, \"lng\": -57.910323186661124}, {\"lat\": -34.830241750285225, \"lng\": -57.913327260757804}, {\"lat\": -34.83038276081616, \"lng\": -57.91470055177343}, {\"lat\": -34.83038276081616, \"lng\": -57.916502996231436}, {\"lat\": -34.831087809848746, \"lng\": -57.92011870304124}, {\"lat\": -34.831087809848746, \"lng\": -57.922006978187724}, {\"lat\": -34.831369827771454, \"lng\": -57.923723591957256}, {\"lat\": -34.831792852844465, \"lng\": -57.92483939090745}, {\"lat\": -34.83200436456598, \"lng\": -57.927156819496304}]', 1, '#cee346'),
(7, '232312', 'saddasda', '[{\"lat\": -34.92084502261776, \"lng\": -57.95590210065711}, {\"lat\": -34.9278823538, \"lng\": -57.95916366681924}, {\"lat\": -34.92957122347638, \"lng\": -57.94010925397744}]', 0, '#6fd834');

-- --------------------------------------------------------

--
-- Estructura de tabla para la tabla `follow_ups`
--

CREATE TABLE `follow_ups` (
  `id` int(11) NOT NULL,
  `description` varchar(255) DEFAULT NULL,
  `author_id` int(11) DEFAULT NULL,
  `creation_date` datetime DEFAULT NULL,
  `complaint_id` int(11) DEFAULT NULL
) ENGINE=InnoDB DEFAULT CHARSET=latin1;

--
-- Volcado de datos para la tabla `follow_ups`
--

INSERT INTO `follow_ups` (`id`, `description`, `author_id`, `creation_date`, `complaint_id`) VALUES
(5, 'Observación del administrador', 1, '2021-11-11 14:07:55', 1),
(6, 'Observaciones', 2, '2021-11-11 15:46:45', 1),
(7, 'Se da por resulta esta denuncia.', 1, '2021-11-13 00:21:37', 1),
(8, 'Descripcion', 1, '2021-11-18 10:43:37', 2);

-- --------------------------------------------------------

--
-- Estructura de tabla para la tabla `meeting_points`
--

CREATE TABLE `meeting_points` (
  `id` int(11) NOT NULL,
  `name` varchar(30) DEFAULT NULL,
  `direction` varchar(100) DEFAULT NULL,
  `coordinates` longtext CHARACTER SET utf8mb4 COLLATE utf8mb4_bin DEFAULT NULL CHECK (json_valid(`coordinates`)),
  `state` tinyint(1) DEFAULT NULL,
  `telephone` varchar(30) DEFAULT NULL,
  `email` varchar(100) DEFAULT NULL
) ENGINE=InnoDB DEFAULT CHARSET=latin1;

--
-- Volcado de datos para la tabla `meeting_points`
--

INSERT INTO `meeting_points` (`id`, `name`, `direction`, `coordinates`, `state`, `telephone`, `email`) VALUES
(5, 'Un punto 1', '2342 aa', '[123, 32]', 1, '645322', 'eee@asd.c');

-- --------------------------------------------------------

--
-- Estructura de tabla para la tabla `palettes`
--

CREATE TABLE `palettes` (
  `id` int(11) NOT NULL,
  `name` char(30) NOT NULL,
  `color1` char(7) NOT NULL DEFAULT '#000000',
  `color2` char(7) NOT NULL DEFAULT '#000000',
  `color3` char(7) NOT NULL DEFAULT '#000000'
) ENGINE=InnoDB DEFAULT CHARSET=utf8mb4;

--
-- Volcado de datos para la tabla `palettes`
--

INSERT INTO `palettes` (`id`, `name`, `color1`, `color2`, `color3`) VALUES
(1, 'Paleta 1', '#dce0d9', '#fbf6ef', '#2b2d42'),
(2, 'Paleta 2', '#241f31', '#242838', '#93e1d8'),
(3, 'Paleta 3', '#2a2a33', '#35353f', '#93e1d8');

-- --------------------------------------------------------

--
-- Estructura de tabla para la tabla `permits`
--

CREATE TABLE `permits` (
  `id` int(11) NOT NULL,
  `name` varchar(30) DEFAULT NULL
) ENGINE=InnoDB DEFAULT CHARSET=utf8mb4;

--
-- Volcado de datos para la tabla `permits`
--

INSERT INTO `permits` (`id`, `name`) VALUES
(1, 'user_index'),
(2, 'config_index'),
(3, 'user_modify'),
(4, 'points_index'),
(5, 'points_modify'),
(6, 'points_new'),
(7, 'points_create'),
(8, 'points_show'),
(9, 'points_delete'),
(10, 'config_modify'),
(11, 'user_new'),
(12, 'user_block'),
(13, 'user_unblock'),
(14, 'user_delete'),
(15, 'user_assign_role'),
(16, 'user_unassign_role'),
(17, 'fzone_modify'),
(18, 'fzone_show'),
(19, 'fzone_create'),
(20, 'fzone_new'),
(21, 'fzone_delete'),
(22, 'fzone_index'),
(23, 'fzone_importcsv'),
(24, 'follow_up_index'),
(25, 'follow_up_new'),
(26, 'follow_up_create'),
(27, 'follow_up_delete'),
(28, 'follow_up_modify'),
(29, 'complaint_index'),
(30, 'complaint_new'),
(31, 'complaint_create'),
(32, 'complaint_modify'),
(33, 'complaint_delete'),
(34, 'complaint_show'),
(35, 'evroutes_index'),
(36, 'evroutes_show'),
(37, 'evroutes_new'),
(38, 'evroutes_create'),
(39, 'evroutes_delete'),
(40, 'evroutes_modify'),
(41, 'palettes_index'),
(42, 'palettes_show'),
(43, 'palettes_new'),
(44, 'palettes_create'),
(45, 'palettes_modify'),
(46, 'palettes_delete');

-- --------------------------------------------------------

--
-- Estructura de tabla para la tabla `roles`
--

CREATE TABLE `roles` (
  `id` int(11) NOT NULL,
  `name` varchar(30) DEFAULT NULL
) ENGINE=InnoDB DEFAULT CHARSET=utf8mb4;

--
-- Volcado de datos para la tabla `roles`
--

INSERT INTO `roles` (`id`, `name`) VALUES
(1, 'admin'),
(2, 'operator');

-- --------------------------------------------------------

--
-- Estructura de tabla para la tabla `role_has_permit`
--

CREATE TABLE `role_has_permit` (
  `role_id` int(11) DEFAULT NULL,
  `permit_id` int(11) DEFAULT NULL
) ENGINE=InnoDB DEFAULT CHARSET=utf8mb4;

--
-- Volcado de datos para la tabla `role_has_permit`
--

INSERT INTO `role_has_permit` (`role_id`, `permit_id`) VALUES
(1, 1),
(1, 2),
(1, 3),
(1, 4),
(1, 5),
(1, 6),
(1, 7),
(1, 8),
(1, 9),
(1, 10),
(1, 11),
(1, 12),
(1, 13),
(1, 14),
(1, 15),
(1, 16),
(2, 4),
(2, 8),
(2, 5),
(2, 9),
(2, 6),
(2, 7),
(1, 19),
(1, 21),
(1, 17),
(1, 20),
(1, 18),
(1, 18),
(1, 22),
(1, 23),
(1, 24),
(1, 25),
(1, 26),
(1, 27),
(1, 28),
(2, 24),
(2, 25),
(2, 26),
(1, 29),
(1, 30),
(1, 31),
(1, 32),
(1, 33),
(1, 34),
(1, 35),
(1, 36),
(1, 37),
(1, 38),
(1, 39),
(1, 40),
(2, 35),
(2, 40),
(2, 36),
(2, 29),
(2, 34),
(1, 44),
(1, 46),
(1, 41),
(1, 45),
(1, 43),
(1, 42);

-- --------------------------------------------------------

--
-- Estructura de tabla para la tabla `users`
--

CREATE TABLE `users` (
  `id` int(11) NOT NULL,
  `first_name` varchar(30) DEFAULT NULL,
  `last_name` varchar(30) DEFAULT NULL,
  `username` varchar(30) DEFAULT NULL,
  `email` varchar(30) DEFAULT NULL,
  `password` varchar(30) DEFAULT NULL,
  `active` tinyint(1) DEFAULT NULL,
  `created_at` datetime DEFAULT NULL,
  `approved` tinyint(1) DEFAULT 1
) ENGINE=InnoDB DEFAULT CHARSET=utf8mb4;

--
-- Volcado de datos para la tabla `users`
--

INSERT INTO `users` (`id`, `first_name`, `last_name`, `username`, `email`, `password`, `active`, `created_at`, `approved`) VALUES
(1, 'cosm1', 'fulanito', 'admin@', 'admin', '123123', 1, '2021-10-13 16:30:13', 1),
(2, 'zosmee', 'aaasme', 'zozme', 'zozme@gmail.com', '234234', 1, '2021-10-17 11:46:56', 1);

-- --------------------------------------------------------

--
-- Estructura de tabla para la tabla `user_has_role`
--

CREATE TABLE `user_has_role` (
  `user_id` int(11) DEFAULT NULL,
  `role_id` int(11) DEFAULT NULL
) ENGINE=InnoDB DEFAULT CHARSET=utf8mb4;

--
-- Volcado de datos para la tabla `user_has_role`
--

INSERT INTO `user_has_role` (`user_id`, `role_id`) VALUES
(1, 1),
(2, 2);

--
-- Índices para tablas volcadas
--

--
-- Indices de la tabla `categories`
--
ALTER TABLE `categories`
  ADD PRIMARY KEY (`id`),
  ADD UNIQUE KEY `name` (`name`);

--
-- Indices de la tabla `complaints`
--
ALTER TABLE `complaints`
  ADD PRIMARY KEY (`id`),
  ADD KEY `category_id` (`category_id`),
  ADD KEY `assigned_user_id` (`assigned_user_id`);

--
-- Indices de la tabla `config`
--
ALTER TABLE `config`
  ADD PRIMARY KEY (`id`),
  ADD KEY `palette_private_id` (`palette_private_id`),
  ADD KEY `palette_public_id` (`palette_public_id`);

--
-- Indices de la tabla `evacuation_routes`
--
ALTER TABLE `evacuation_routes`
  ADD PRIMARY KEY (`id`),
  ADD UNIQUE KEY `name` (`name`);

--
-- Indices de la tabla `flood_zones`
--
ALTER TABLE `flood_zones`
  ADD PRIMARY KEY (`id`),
  ADD UNIQUE KEY `code` (`code`),
  ADD UNIQUE KEY `name` (`name`);

--
-- Indices de la tabla `follow_ups`
--
ALTER TABLE `follow_ups`
  ADD PRIMARY KEY (`id`),
  ADD KEY `author_id` (`author_id`),
  ADD KEY `complaint_id` (`complaint_id`);

--
-- Indices de la tabla `meeting_points`
--
ALTER TABLE `meeting_points`
  ADD PRIMARY KEY (`id`);

--
-- Indices de la tabla `palettes`
--
ALTER TABLE `palettes`
  ADD PRIMARY KEY (`id`);

--
-- Indices de la tabla `permits`
--
ALTER TABLE `permits`
  ADD PRIMARY KEY (`id`);

--
-- Indices de la tabla `roles`
--
ALTER TABLE `roles`
  ADD PRIMARY KEY (`id`);

--
-- Indices de la tabla `role_has_permit`
--
ALTER TABLE `role_has_permit`
  ADD KEY `role_id` (`role_id`),
  ADD KEY `permit_id` (`permit_id`);

--
-- Indices de la tabla `users`
--
ALTER TABLE `users`
  ADD PRIMARY KEY (`id`),
  ADD UNIQUE KEY `username` (`username`),
  ADD UNIQUE KEY `email` (`email`);

--
-- Indices de la tabla `user_has_role`
--
ALTER TABLE `user_has_role`
  ADD KEY `user_id` (`user_id`),
  ADD KEY `role_id` (`role_id`);

--
-- AUTO_INCREMENT de las tablas volcadas
--

--
-- AUTO_INCREMENT de la tabla `categories`
--
ALTER TABLE `categories`
  MODIFY `id` int(11) NOT NULL AUTO_INCREMENT, AUTO_INCREMENT=6;

--
-- AUTO_INCREMENT de la tabla `complaints`
--
ALTER TABLE `complaints`
  MODIFY `id` int(11) NOT NULL AUTO_INCREMENT, AUTO_INCREMENT=14;

--
-- AUTO_INCREMENT de la tabla `config`
--
ALTER TABLE `config`
  MODIFY `id` int(11) NOT NULL AUTO_INCREMENT, AUTO_INCREMENT=2;

--
-- AUTO_INCREMENT de la tabla `evacuation_routes`
--
ALTER TABLE `evacuation_routes`
  MODIFY `id` int(11) NOT NULL AUTO_INCREMENT, AUTO_INCREMENT=4;

--
-- AUTO_INCREMENT de la tabla `flood_zones`
--
ALTER TABLE `flood_zones`
  MODIFY `id` int(11) NOT NULL AUTO_INCREMENT, AUTO_INCREMENT=15;

--
-- AUTO_INCREMENT de la tabla `follow_ups`
--
ALTER TABLE `follow_ups`
  MODIFY `id` int(11) NOT NULL AUTO_INCREMENT, AUTO_INCREMENT=10;

--
-- AUTO_INCREMENT de la tabla `meeting_points`
--
ALTER TABLE `meeting_points`
  MODIFY `id` int(11) NOT NULL AUTO_INCREMENT, AUTO_INCREMENT=6;

--
-- AUTO_INCREMENT de la tabla `palettes`
--
ALTER TABLE `palettes`
  MODIFY `id` int(11) NOT NULL AUTO_INCREMENT, AUTO_INCREMENT=4;

--
-- AUTO_INCREMENT de la tabla `permits`
--
ALTER TABLE `permits`
  MODIFY `id` int(11) NOT NULL AUTO_INCREMENT, AUTO_INCREMENT=47;

--
-- AUTO_INCREMENT de la tabla `roles`
--
ALTER TABLE `roles`
  MODIFY `id` int(11) NOT NULL AUTO_INCREMENT, AUTO_INCREMENT=3;

--
-- AUTO_INCREMENT de la tabla `users`
--
ALTER TABLE `users`
  MODIFY `id` int(11) NOT NULL AUTO_INCREMENT, AUTO_INCREMENT=3;

--
-- Restricciones para tablas volcadas
--

--
-- Filtros para la tabla `complaints`
--
ALTER TABLE `complaints`
  ADD CONSTRAINT `complaints_ibfk_1` FOREIGN KEY (`category_id`) REFERENCES `categories` (`id`),
  ADD CONSTRAINT `complaints_ibfk_2` FOREIGN KEY (`assigned_user_id`) REFERENCES `users` (`id`);

--
-- Filtros para la tabla `config`
--
ALTER TABLE `config`
  ADD CONSTRAINT `config_ibfk_1` FOREIGN KEY (`palette_private_id`) REFERENCES `palettes` (`id`),
  ADD CONSTRAINT `config_ibfk_2` FOREIGN KEY (`palette_public_id`) REFERENCES `palettes` (`id`);

--
-- Filtros para la tabla `follow_ups`
--
ALTER TABLE `follow_ups`
  ADD CONSTRAINT `follow_ups_ibfk_1` FOREIGN KEY (`author_id`) REFERENCES `users` (`id`),
  ADD CONSTRAINT `follow_ups_ibfk_2` FOREIGN KEY (`complaint_id`) REFERENCES `complaints` (`id`);

--
-- Filtros para la tabla `role_has_permit`
--
ALTER TABLE `role_has_permit`
  ADD CONSTRAINT `role_has_permit_ibfk_1` FOREIGN KEY (`role_id`) REFERENCES `roles` (`id`),
  ADD CONSTRAINT `role_has_permit_ibfk_2` FOREIGN KEY (`permit_id`) REFERENCES `permits` (`id`);

--
-- Filtros para la tabla `user_has_role`
--
ALTER TABLE `user_has_role`
  ADD CONSTRAINT `user_has_role_ibfk_1` FOREIGN KEY (`user_id`) REFERENCES `users` (`id`),
  ADD CONSTRAINT `user_has_role_ibfk_2` FOREIGN KEY (`role_id`) REFERENCES `roles` (`id`);
COMMIT;

/*!40101 SET CHARACTER_SET_CLIENT=@OLD_CHARACTER_SET_CLIENT */;
/*!40101 SET CHARACTER_SET_RESULTS=@OLD_CHARACTER_SET_RESULTS */;
/*!40101 SET COLLATION_CONNECTION=@OLD_COLLATION_CONNECTION */;
